activity_id,activity_type,timestamp,subreddit,author,parent_id,parent_type,content,permalink,score,upvotes,downvotes,upvote_ratio,num_comments,edited
t3_1fdy217,post,2024-09-11T01:05:35+00:00,conspiracy,thehomiebiz,N/A,N/A,"We are 5 minutes into this shit

And I can’t stop laughing. Like lady, just answer the question, we didn’t ask for a story hahahaha 

EDIT: This lady just bragged about getting endorsed by Dick Cheney. Like that’s anything to brag about

EDIT 2: those saying “wHeRe’S the cOnSpIrAcY”, homies and homegirls, we are witnessing with our eyes and ears the narrative begin to crack. They can’t hide it anymore. I figured why not share the laughter of it with my fellow tin foil hatters. But alas, h8rs gon h8

URL: https://www.reddit.com/r/conspiracy/comments/1fdy217/we_are_5_minutes_into_this_shit/",https://www.reddit.com/r/conspiracy/comments/1fdy217/we_are_5_minutes_into_this_shit/,0,0,0,0.5,1030,True
t1_lmj6axz,comment,2024-09-11T01:05:36+00:00,conspiracy,AutoModerator,t3_1fdy217,post,"###[Meta] Sticky Comment

[Rule 2](https://www.reddit.com/r/conspiracy/wiki/faq#wiki_2_-_address_the_argument.3B_not_the_user.2C_the_mods.2C_or_the_sub.) ***does not apply*** when replying to this stickied comment.  

[Rule 2](https://www.reddit.com/r/conspiracy/wiki/faq#wiki_2_-_address_the_argument.3B_not_the_user.2C_the_mods.2C_or_the_sub.) ***does apply*** throughout the rest of this thread.

*What this means*: Please keep any ""meta"" discussion directed at specific users, mods, or /r/conspiracy in general in this comment chain ***only.***

*I am a bot, and this action was performed automatically. Please [contact the moderators of this subreddit](/message/compose/?to=/r/conspiracy) if you have any questions or concerns.*",https://www.reddit.com/r/conspiracy/comments/1fdy217/we_are_5_minutes_into_this_shit/lmj6axz/,1,1,N/A,N/A,N/A,False
t1_lmjes5r,comment,2024-09-11T01:54:57+00:00,conspiracy,Fluid-Bad567,t3_1fdy217,post,Idiocracy,https://www.reddit.com/r/conspiracy/comments/1fdy217/we_are_5_minutes_into_this_shit/lmjes5r/,75,75,N/A,N/A,N/A,False
t1_lmjk24c,comment,2024-09-11T02:24:07+00:00,conspiracy,popley3,t3_1fdy217,post,I just want cheaper groceries and not to be sliding into debt everyday. Things just seem to be getting worse and I am sick of it.,https://www.reddit.com/r/conspiracy/comments/1fdy217/we_are_5_minutes_into_this_shit/lmjk24c/,243,243,N/A,N/A,N/A,False
t1_lmj9nq3,comment,2024-09-11T01:26:24+00:00,conspiracy,NDGuy47,t3_1fdy217,post,I'm not high enough for this,https://www.reddit.com/r/conspiracy/comments/1fdy217/we_are_5_minutes_into_this_shit/lmj9nq3/,371,371,N/A,N/A,N/A,False
t1_lmjaneg,comment,2024-09-11T01:31:46+00:00,conspiracy,random_precision195,t3_1fdy217,post,"""They're eating the pets!""",https://www.reddit.com/r/conspiracy/comments/1fdy217/we_are_5_minutes_into_this_shit/lmjaneg/,660,660,N/A,N/A,N/A,False
t1_lmjdaij,comment,2024-09-11T01:46:43+00:00,conspiracy,,t3_1fdy217,post,Not a single question about how they’re gonna fix unlivable wages.,https://www.reddit.com/r/conspiracy/comments/1fdy217/we_are_5_minutes_into_this_shit/lmjdaij/,377,377,N/A,N/A,N/A,False
t1_lmjc21c,comment,2024-09-11T01:39:47+00:00,conspiracy,BMoney8600,t3_1fdy217,post,I knew it was going to be a shit show but holy shit,https://www.reddit.com/r/conspiracy/comments/1fdy217/we_are_5_minutes_into_this_shit/lmjc21c/,165,165,N/A,N/A,N/A,False
t1_lmjbham,comment,2024-09-11T01:36:25+00:00,conspiracy,UpstairsSomewhere467,t3_1fdy217,post,THEYRE EATING THE DOGS,https://www.reddit.com/r/conspiracy/comments/1fdy217/we_are_5_minutes_into_this_shit/lmjbham/,183,183,N/A,N/A,N/A,False
t1_lmj8ql3,comment,2024-09-11T01:20:42+00:00,conspiracy,ImOnTheBus,t3_1fdy217,post,Did Kamala just acknowledge lab leak covid origin?,https://www.reddit.com/r/conspiracy/comments/1fdy217/we_are_5_minutes_into_this_shit/lmj8ql3/,470,470,N/A,N/A,N/A,False
t1_lmjblv7,comment,2024-09-11T01:37:11+00:00,conspiracy,_atom-nef,t3_1fdy217,post,I’m not sure what I’m more surprised by; the current political theatre or the fact that people here are still giving their attention to it,https://www.reddit.com/r/conspiracy/comments/1fdy217/we_are_5_minutes_into_this_shit/lmjblv7/,45,45,N/A,N/A,N/A,False
t1_lmjad5f,comment,2024-09-11T01:30:22+00:00,conspiracy,,t3_1fdy217,post,[removed],https://www.reddit.com/r/conspiracy/comments/1fdy217/we_are_5_minutes_into_this_shit/lmjad5f/,154,154,N/A,N/A,N/A,False
t1_lmje5um,comment,2024-09-11T01:51:36+00:00,conspiracy,,t3_1fdy217,post,I was a middle class kid.......,https://www.reddit.com/r/conspiracy/comments/1fdy217/we_are_5_minutes_into_this_shit/lmje5um/,43,43,N/A,N/A,N/A,False
t1_lmj9haf,comment,2024-09-11T01:25:19+00:00,conspiracy,highzenberrg,t3_1fdy217,post,Idk who most of you all are voting for but I hate both choices.,https://www.reddit.com/r/conspiracy/comments/1fdy217/we_are_5_minutes_into_this_shit/lmj9haf/,322,322,N/A,N/A,N/A,False
t1_lmjqc9h,comment,2024-09-11T03:00:07+00:00,conspiracy,skiing_dingus,t3_1fdy217,post,Bragging about an endorsement from the dude who used 9/11 to destabilize the Middle East (for personal gain) is absolutely wild business,https://www.reddit.com/r/conspiracy/comments/1fdy217/we_are_5_minutes_into_this_shit/lmjqc9h/,32,32,N/A,N/A,N/A,False
t1_lmjh2no,comment,2024-09-11T02:07:34+00:00,conspiracy,Forward-Definition39,t3_1fdy217,post,Honestly been laughing my ass of😂😂😂 I mean it's just pure entertainment,https://www.reddit.com/r/conspiracy/comments/1fdy217/we_are_5_minutes_into_this_shit/lmjh2no/,8,8,N/A,N/A,N/A,False
t1_lmjdpf9,comment,2024-09-11T01:49:05+00:00,conspiracy,chaoticravens08,t3_1fdy217,post,They both don't answer the questions,https://www.reddit.com/r/conspiracy/comments/1fdy217/we_are_5_minutes_into_this_shit/lmjdpf9/,72,72,N/A,N/A,N/A,False
t1_lmjfd1l,comment,2024-09-11T01:58:12+00:00,conspiracy,BatRepresentative333,t3_1fdy217,post,So did anyone catch her plan/policy on immigration?? Because all I heard was her skip over that just like she skipped over the inflation were all struggling with ?,https://www.reddit.com/r/conspiracy/comments/1fdy217/we_are_5_minutes_into_this_shit/lmjfd1l/,44,44,N/A,N/A,N/A,False
t1_lmjde8v,comment,2024-09-11T01:47:17+00:00,conspiracy,JAVACHIP1738,t3_1fdy217,post,I laughed so hard when she mentioned being endorsed by previous war lords 😂 Like damn Dick Cheney who dragged us into a meaningless war and killed many innocent people endorsed you? ,https://www.reddit.com/r/conspiracy/comments/1fdy217/we_are_5_minutes_into_this_shit/lmjde8v/,81,81,N/A,N/A,N/A,False
t1_lmj76m5,comment,2024-09-11T01:11:07+00:00,conspiracy,,t3_1fdy217,post,[deleted],https://www.reddit.com/r/conspiracy/comments/1fdy217/we_are_5_minutes_into_this_shit/lmj76m5/,39,39,N/A,N/A,N/A,False
t1_lmjeqdl,comment,2024-09-11T01:54:41+00:00,conspiracy,,t3_1fdy217,post,[deleted],https://www.reddit.com/r/conspiracy/comments/1fdy217/we_are_5_minutes_into_this_shit/lmjeqdl/,70,70,N/A,N/A,N/A,False
t3_wkua4m,post,2022-08-10T10:48:59+00:00,conspiracy,BC-Wales,N/A,N/A,"Meet the ""judge"" that signed Trump's search warrant.......

URL: https://i.redd.it/409hemyw8vg91.jpg",https://www.reddit.com/r/conspiracy/comments/wkua4m/meet_the_judge_that_signed_trumps_search_warrant/,433,433,0,0.53,1734,False
t1_ijpamq2,comment,2022-08-10T10:48:59+00:00,conspiracy,AutoModerator,t3_wkua4m,post,"###[Meta] Sticky Comment

[Rule 2](https://www.reddit.com/r/conspiracy/wiki/faq#wiki_2_-_address_the_argument.3B_not_the_user.2C_the_mods.2C_or_the_sub.) ***does not apply*** when replying to this stickied comment.  

[Rule 2](https://www.reddit.com/r/conspiracy/wiki/faq#wiki_2_-_address_the_argument.3B_not_the_user.2C_the_mods.2C_or_the_sub.) ***does apply*** throughout the rest of this thread.

*What this means*: Please keep any ""meta"" discussion directed at specific users, mods, or /r/conspiracy in general in this comment chain ***only.***

*I am a bot, and this action was performed automatically. Please [contact the moderators of this subreddit](/message/compose/?to=/r/conspiracy) if you have any questions or concerns.*",https://www.reddit.com/r/conspiracy/comments/wkua4m/meet_the_judge_that_signed_trumps_search_warrant/ijpamq2/,1,1,N/A,N/A,N/A,False
t1_ijpym93,comment,2022-08-10T14:13:47+00:00,conspiracy,DetectivePleasant,t3_wkua4m,post,This just in: Man sometimes not at work.,https://www.reddit.com/r/conspiracy/comments/wkua4m/meet_the_judge_that_signed_trumps_search_warrant/ijpym93/,1124,1124,N/A,N/A,N/A,False
t1_ijqbv2m,comment,2022-08-10T15:40:42+00:00,conspiracy,The_First_Order,t3_wkua4m,post,Hoes mad,https://www.reddit.com/r/conspiracy/comments/wkua4m/meet_the_judge_that_signed_trumps_search_warrant/ijqbv2m/,162,162,N/A,N/A,N/A,False
t1_ijpkn92,comment,2022-08-10T12:28:30+00:00,conspiracy,FckYoFeelings,t3_wkua4m,post,Am I missing something here or is that just a dude?,https://www.reddit.com/r/conspiracy/comments/wkua4m/meet_the_judge_that_signed_trumps_search_warrant/ijpkn92/,2951,2951,N/A,N/A,N/A,False
t1_ijpr0r7,comment,2022-08-10T13:19:42+00:00,conspiracy,913Jango,t3_wkua4m,post,This sub really was infiltrated and destroyed.,https://www.reddit.com/r/conspiracy/comments/wkua4m/meet_the_judge_that_signed_trumps_search_warrant/ijpr0r7/,1249,1249,N/A,N/A,N/A,False
t1_ijpzfat,comment,2022-08-10T14:19:16+00:00,conspiracy,FriendlyPizzaPanda,t3_wkua4m,post,The next post will be “meet the agent that opened Trump’s safe” and it’ll just be a dude playing Mario Kart Wii from 2007,https://www.reddit.com/r/conspiracy/comments/wkua4m/meet_the_judge_that_signed_trumps_search_warrant/ijpzfat/,183,183,N/A,N/A,N/A,True
t1_ijq6ga5,comment,2022-08-10T15:06:02+00:00,conspiracy,,t3_wkua4m,post,"You may see a guy sitting at home, sipping whiskey and eating Oreos. You know what I see? Answers.  

* Whiskey = 7 **Letters**
* Vanilla = 7 **Letters**
* Letters = 7 **Letters** 

The 7th letter of the English alphabet? G! Alphabet, G? Google! Google? Search Engine? Deep state.   

Deep state? Deep? Dish? Pizza?   

This man ordered a pizza for dinner after eating those cookies and drinking whiskey. Clearly a deep dish pizza, because deep state agents eat that kind of pie.   

It's a wrap, we got 'em boys. ~~Illuminati~~ All conspiracies confirmed.",https://www.reddit.com/r/conspiracy/comments/wkua4m/meet_the_judge_that_signed_trumps_search_warrant/ijq6ga5/,641,641,N/A,N/A,N/A,True
t1_ijpsnhi,comment,2022-08-10T13:31:50+00:00,conspiracy,Few-Media5129,t3_wkua4m,post,So judges aren't allowed to relax now? What do you think they walk around all day in their court robes holding a gavel?,https://www.reddit.com/r/conspiracy/comments/wkua4m/meet_the_judge_that_signed_trumps_search_warrant/ijpsnhi/,1130,1130,N/A,N/A,N/A,False
t1_ijq7lkn,comment,2022-08-10T15:13:31+00:00,conspiracy,,t3_wkua4m,post,[deleted],https://www.reddit.com/r/conspiracy/comments/wkua4m/meet_the_judge_that_signed_trumps_search_warrant/ijq7lkn/,132,132,N/A,N/A,N/A,False
t1_ijq86uf,comment,2022-08-10T15:17:20+00:00,conspiracy,,t3_wkua4m,post,"The dude could be a big piece of shit, but you've never crushed family quantities of oreos and divorced dad levels of Jack on a Sunday afternoon?",https://www.reddit.com/r/conspiracy/comments/wkua4m/meet_the_judge_that_signed_trumps_search_warrant/ijq86uf/,157,157,N/A,N/A,N/A,False
t1_ijplooa,comment,2022-08-10T12:37:14+00:00,conspiracy,ThrowAwayAccount5839,t3_wkua4m,post,He likes whisky *and* Oreos? Must be guilty.,https://www.reddit.com/r/conspiracy/comments/wkua4m/meet_the_judge_that_signed_trumps_search_warrant/ijplooa/,953,953,N/A,N/A,N/A,False
t1_ijplf4o,comment,2022-08-10T12:35:02+00:00,conspiracy,Longjumping-Bed-7510,t3_wkua4m,post,OP: do a face reveal or shut the fuck up lmao,https://www.reddit.com/r/conspiracy/comments/wkua4m/meet_the_judge_that_signed_trumps_search_warrant/ijplf4o/,288,288,N/A,N/A,N/A,False
t1_ijpgtdz,comment,2022-08-10T11:53:38+00:00,conspiracy,Obvious_Skill1307,t3_wkua4m,post,Annnnnddd what are we supposed to do with this pic hahahha.. the man is chilling at home .....,https://www.reddit.com/r/conspiracy/comments/wkua4m/meet_the_judge_that_signed_trumps_search_warrant/ijpgtdz/,439,439,N/A,N/A,N/A,False
t1_ijq06s1,comment,2022-08-10T14:24:26+00:00,conspiracy,CanIGetANumber2,t3_wkua4m,post,This sub has gone from tin-foil conspiracy to qanon conspiracy.,https://www.reddit.com/r/conspiracy/comments/wkua4m/meet_the_judge_that_signed_trumps_search_warrant/ijq06s1/,216,216,N/A,N/A,N/A,False
t1_ijpp292,comment,2022-08-10T13:04:30+00:00,conspiracy,EckimusPrime,t3_wkua4m,post,Oh my god he wears glasses AND drinks whiskey AND eats Oreos?!?,https://www.reddit.com/r/conspiracy/comments/wkua4m/meet_the_judge_that_signed_trumps_search_warrant/ijpp292/,416,416,N/A,N/A,N/A,False
t1_ijqapyy,comment,2022-08-10T15:33:30+00:00,conspiracy,Alindquizzle,t3_wkua4m,post,"Well, he’s certainly an American",https://www.reddit.com/r/conspiracy/comments/wkua4m/meet_the_judge_that_signed_trumps_search_warrant/ijqapyy/,93,93,N/A,N/A,N/A,False
t1_ijpppc4,comment,2022-08-10T13:09:31+00:00,conspiracy,,t3_wkua4m,post,Oh no he has a personal life?,https://www.reddit.com/r/conspiracy/comments/wkua4m/meet_the_judge_that_signed_trumps_search_warrant/ijpppc4/,203,203,N/A,N/A,N/A,False
t1_ijpqkkm,comment,2022-08-10T13:16:16+00:00,conspiracy,,t3_wkua4m,post,[deleted],https://www.reddit.com/r/conspiracy/comments/wkua4m/meet_the_judge_that_signed_trumps_search_warrant/ijpqkkm/,322,322,N/A,N/A,N/A,True
t1_ijph43s,comment,2022-08-10T11:56:27+00:00,conspiracy,originalhermit,t3_wkua4m,post,The conspiracy bots are really working overtime. This looks like a picture of a dude.,https://www.reddit.com/r/conspiracy/comments/wkua4m/meet_the_judge_that_signed_trumps_search_warrant/ijph43s/,333,333,N/A,N/A,N/A,False
t1_ijpweqr,comment,2022-08-10T13:58:32+00:00,conspiracy,ToughProgrammer,t3_wkua4m,post,"Op tries to mock a fat guy…. Forgets he’s on Reddit. 

Oreo stock goes up.",https://www.reddit.com/r/conspiracy/comments/wkua4m/meet_the_judge_that_signed_trumps_search_warrant/ijpweqr/,15,15,N/A,N/A,N/A,False
t3_1enchjr,post,2024-08-08T17:50:06+00:00,conspiracy,jdhmdo,N/A,N/A,"She couldn’t get a single delegate from her own state 4 years ago. They are obviously planning to cheat

URL: https://i.redd.it/0hvb1slu9hhd1.png",https://www.reddit.com/r/conspiracy/comments/1enchjr/she_couldnt_get_a_single_delegate_from_her_own/,171,171,0,0.52,1148,False
t1_lh55kyq,comment,2024-08-08T17:50:08+00:00,conspiracy,AutoModerator,t3_1enchjr,post,"###[Meta] Sticky Comment

[Rule 2](https://www.reddit.com/r/conspiracy/wiki/faq#wiki_2_-_address_the_argument.3B_not_the_user.2C_the_mods.2C_or_the_sub.) ***does not apply*** when replying to this stickied comment.  

[Rule 2](https://www.reddit.com/r/conspiracy/wiki/faq#wiki_2_-_address_the_argument.3B_not_the_user.2C_the_mods.2C_or_the_sub.) ***does apply*** throughout the rest of this thread.

*What this means*: Please keep any ""meta"" discussion directed at specific users, mods, or /r/conspiracy in general in this comment chain ***only.***

*I am a bot, and this action was performed automatically. Please [contact the moderators of this subreddit](/message/compose/?to=/r/conspiracy) if you have any questions or concerns.*",https://www.reddit.com/r/conspiracy/comments/1enchjr/she_couldnt_get_a_single_delegate_from_her_own/lh55kyq/,1,1,N/A,N/A,N/A,False
t1_lh5ckde,comment,2024-08-08T18:25:24+00:00,conspiracy,,t3_1enchjr,post,[removed],https://www.reddit.com/r/conspiracy/comments/1enchjr/she_couldnt_get_a_single_delegate_from_her_own/lh5ckde/,607,607,N/A,N/A,N/A,False
t1_lh5r0ja,comment,2024-08-08T19:38:22+00:00,conspiracy,,t3_1enchjr,post,[removed],https://www.reddit.com/r/conspiracy/comments/1enchjr/she_couldnt_get_a_single_delegate_from_her_own/lh5r0ja/,368,368,N/A,N/A,N/A,False
t1_lh56953,comment,2024-08-08T17:53:31+00:00,conspiracy,TheGargageMan,t3_1enchjr,post,Dems are going to vote Dem.   She will probably get more votes than Biden would have.,https://www.reddit.com/r/conspiracy/comments/1enchjr/she_couldnt_get_a_single_delegate_from_her_own/lh56953/,703,703,N/A,N/A,N/A,False
t1_lh5cxbm,comment,2024-08-08T18:27:13+00:00,conspiracy,Brilliant_Theme4995,t3_1enchjr,post,Can we stop with the fucking political bullshit already. Who gives a fuck who is selected. They won’t do shit for us slaves. We can’t vote our way out of this people. Wake the fuck up. Please!,https://www.reddit.com/r/conspiracy/comments/1enchjr/she_couldnt_get_a_single_delegate_from_her_own/lh5cxbm/,545,545,N/A,N/A,N/A,False
t1_lh5hk67,comment,2024-08-08T18:50:29+00:00,conspiracy,MicIsOn,t3_1enchjr,post,Oh god who cares. Where’s the interesting stuff like Aliens in the Vatican’s basement,https://www.reddit.com/r/conspiracy/comments/1enchjr/she_couldnt_get_a_single_delegate_from_her_own/lh5hk67/,56,56,N/A,N/A,N/A,False
t1_lh5g80j,comment,2024-08-08T18:43:50+00:00,conspiracy,,t3_1enchjr,post,You people are delusional and too chronically online.,https://www.reddit.com/r/conspiracy/comments/1enchjr/she_couldnt_get_a_single_delegate_from_her_own/lh5g80j/,49,49,N/A,N/A,N/A,False
t1_lh59qk3,comment,2024-08-08T18:11:07+00:00,conspiracy,MeGaManMaDeMe,t3_1enchjr,post,"I cannot wait for after the election and this subreddit can go back to talking about conspiracy’s, instead of just sucking Donald Trumps cock.",https://www.reddit.com/r/conspiracy/comments/1enchjr/she_couldnt_get_a_single_delegate_from_her_own/lh59qk3/,210,210,N/A,N/A,N/A,False
t1_lh588fh,comment,2024-08-08T18:03:26+00:00,conspiracy,,t3_1enchjr,post,People would literally vote for a shoe over Trump. This really isn't that hard to believe.,https://www.reddit.com/r/conspiracy/comments/1enchjr/she_couldnt_get_a_single_delegate_from_her_own/lh588fh/,555,555,N/A,N/A,N/A,False
t1_lh5c9k7,comment,2024-08-08T18:23:53+00:00,conspiracy,,t3_1enchjr,post,[removed],https://www.reddit.com/r/conspiracy/comments/1enchjr/she_couldnt_get_a_single_delegate_from_her_own/lh5c9k7/,91,91,N/A,N/A,N/A,False
t1_lh5hdcy,comment,2024-08-08T18:49:32+00:00,conspiracy,Rude-Competition-661,t3_1enchjr,post,Another angle. A lot of people are so tired of the trump shtick and everything that comes with it. They would’ve voted for him over Joe but not Harris and walz. I just want to know what’s going to happen with the shitty public behavior of the trumptards if he loses. A lot of people are going to have to find a new identity after he’s gone.,https://www.reddit.com/r/conspiracy/comments/1enchjr/she_couldnt_get_a_single_delegate_from_her_own/lh5hdcy/,49,49,N/A,N/A,N/A,False
t1_lh5hmxs,comment,2024-08-08T18:50:52+00:00,conspiracy,mindmelder23,t3_1enchjr,post,None of the people who support Trump actually look up statistics. They simply repeat what he says at his rally’s. I looked up illegal immigration stats and they didn’t decrease at all during his administration - only legal immigration decreased. He increased debt at a faster rate than any previous president. He dismantled arms treaties that were put in during the Reagan administration. He ripped up the Iran deal which is contributing to current tensions. The list goes on and on but his supporters just repeat what the world’s biggest liar says and don’t do any research. He is a real estate sales person and he is selling to you.,https://www.reddit.com/r/conspiracy/comments/1enchjr/she_couldnt_get_a_single_delegate_from_her_own/lh5hmxs/,19,19,N/A,N/A,N/A,False
t1_lh59q1g,comment,2024-08-08T18:11:03+00:00,conspiracy,karl4319,t3_1enchjr,post,She wasn't running against Trump 4 years ago. And Trump is hated. People didn't vote for Biden as much as against Trump.,https://www.reddit.com/r/conspiracy/comments/1enchjr/she_couldnt_get_a_single_delegate_from_her_own/lh59q1g/,124,124,N/A,N/A,N/A,False
t1_lh5k936,comment,2024-08-08T19:04:00+00:00,conspiracy,2pacali1971,t3_1enchjr,post,More unwanted political posts.,https://www.reddit.com/r/conspiracy/comments/1enchjr/she_couldnt_get_a_single_delegate_from_her_own/lh5k936/,21,21,N/A,N/A,N/A,False
t1_lh5ev1b,comment,2024-08-08T18:36:59+00:00,conspiracy,ufoclub1977,t3_1enchjr,post,Or her competition is bad.,https://www.reddit.com/r/conspiracy/comments/1enchjr/she_couldnt_get_a_single_delegate_from_her_own/lh5ev1b/,40,40,N/A,N/A,N/A,False
t1_lh5e58a,comment,2024-08-08T18:33:21+00:00,conspiracy,magicsonar,t3_1enchjr,post,"This is a very silly comparison. In the 2019/20 primaries, Democrat voters had a large choice of candidates. In this election, Democrat voters have no choice. It's Trump or Harris. Not hard to see why Harris is doing well in the polls - it's more a vote for anyone but Trump.",https://www.reddit.com/r/conspiracy/comments/1enchjr/she_couldnt_get_a_single_delegate_from_her_own/lh5e58a/,24,24,N/A,N/A,N/A,False
t1_lh58ga2,comment,2024-08-08T18:04:33+00:00,conspiracy,Late_Cow_1008,t3_1enchjr,post,"Or hear me out. 

Donald Trump is a terrible person and everyone with a brain hates him.",https://www.reddit.com/r/conspiracy/comments/1enchjr/she_couldnt_get_a_single_delegate_from_her_own/lh58ga2/,197,197,N/A,N/A,N/A,False
t1_lh5ai11,comment,2024-08-08T18:15:02+00:00,conspiracy,BorosSerenc,t3_1enchjr,post,I think you guys don't understand how hated Trump is. And that Biden might be the only human being on the planet that could have lost against him.,https://www.reddit.com/r/conspiracy/comments/1enchjr/she_couldnt_get_a_single_delegate_from_her_own/lh5ai11/,90,90,N/A,N/A,N/A,False
t1_lh5okw5,comment,2024-08-08T19:26:08+00:00,conspiracy,zerocool0101,t3_1enchjr,post,"The Republicans spent every last dollar complaining about Biden’s age and now with him gone Trump is the senile one. A lot can change in four years and I think most people see Harris as a breath of fresh air, really it could’ve been any other Democrat.",https://www.reddit.com/r/conspiracy/comments/1enchjr/she_couldnt_get_a_single_delegate_from_her_own/lh5okw5/,11,11,N/A,N/A,N/A,False
t1_lh591et,comment,2024-08-08T18:07:33+00:00,conspiracy,cooliseum,t3_1enchjr,post,I’ve never see the Democratic Party so unified behind a single candidate. Even Obama. It isn’t a conspiracy. People are just relieved that Biden dropped out and we have another shot at keeping a day-one dictator out of the Oval Office,https://www.reddit.com/r/conspiracy/comments/1enchjr/she_couldnt_get_a_single_delegate_from_her_own/lh591et/,83,83,N/A,N/A,N/A,False
t3_1gk8jy5,post,2024-11-05T14:56:24+00:00,conspiracy,Flashy_Law5605,N/A,N/A,"This is going to be a no win election

I truly feel either the election will be rigged and we will get Kamala for four years, which will absolutely tank the country. Or Trump will win and it will be four years of chaos, mayhem antifa, riots, BLM and anything else the Obama team can come up with to absolutely destroy this country to prove Trump is the bad guy.

URL: https://www.reddit.com/r/conspiracy/comments/1gk8jy5/this_is_going_to_be_a_no_win_election/",https://www.reddit.com/r/conspiracy/comments/1gk8jy5/this_is_going_to_be_a_no_win_election/,105,105,0,0.51,809,False
t1_lvj3mr1,comment,2024-11-05T14:56:24+00:00,conspiracy,AutoModerator,t3_1gk8jy5,post,"###[Meta] Sticky Comment

[Rule 2](https://www.reddit.com/r/conspiracy/wiki/faq#wiki_2_-_address_the_argument.3B_not_the_user.2C_the_mods.2C_or_the_sub.) ***does not apply*** when replying to this stickied comment.  

[Rule 2](https://www.reddit.com/r/conspiracy/wiki/faq#wiki_2_-_address_the_argument.3B_not_the_user.2C_the_mods.2C_or_the_sub.) ***does apply*** throughout the rest of this thread.

*What this means*: Please keep any ""meta"" discussion directed at specific users, mods, or /r/conspiracy in general in this comment chain ***only.***

*I am a bot, and this action was performed automatically. Please [contact the moderators of this subreddit](/message/compose/?to=/r/conspiracy) if you have any questions or concerns.*",https://www.reddit.com/r/conspiracy/comments/1gk8jy5/this_is_going_to_be_a_no_win_election/lvj3mr1/,1,1,N/A,N/A,N/A,False
t1_lvk53fk,comment,2024-11-05T18:00:50+00:00,conspiracy,80cartoonyall,t3_1gk8jy5,post,I believe either way it will finally get more people to see just how corrupt our government has become.,https://www.reddit.com/r/conspiracy/comments/1gk8jy5/this_is_going_to_be_a_no_win_election/lvk53fk/,398,398,N/A,N/A,N/A,False
t1_lvjkb43,comment,2024-11-05T16:20:08+00:00,conspiracy,ThatDamnRocketRacoon,t3_1gk8jy5,post,"Remember when conspiracy theorists were people who didn't trust anyone in the government and never believed that some slick ""outsider"" was actually on our side? 

Remember when conspiracy theorists recognized a plant amongst us trying to spread propaganda and we wouldn't fall for it?

Pepperidge Farms remembers.",https://www.reddit.com/r/conspiracy/comments/1gk8jy5/this_is_going_to_be_a_no_win_election/lvjkb43/,339,339,N/A,N/A,N/A,False
t1_lvjd7ha,comment,2024-11-05T15:45:10+00:00,conspiracy,,t3_1gk8jy5,post,[removed],https://www.reddit.com/r/conspiracy/comments/1gk8jy5/this_is_going_to_be_a_no_win_election/lvjd7ha/,668,668,N/A,N/A,N/A,False
t1_lvjc0hv,comment,2024-11-05T15:39:15+00:00,conspiracy,,t3_1gk8jy5,post,Trump & Kamala both want to send your tax dollars to Isreal. It's a lose-lose.,https://www.reddit.com/r/conspiracy/comments/1gk8jy5/this_is_going_to_be_a_no_win_election/lvjc0hv/,692,692,N/A,N/A,N/A,False
t1_lvjdicu,comment,2024-11-05T15:46:40+00:00,conspiracy,the_darkest_brandon,t3_1gk8jy5,post,under what circumstances will you accept a legitimate trump loss?,https://www.reddit.com/r/conspiracy/comments/1gk8jy5/this_is_going_to_be_a_no_win_election/lvjdicu/,209,209,N/A,N/A,N/A,False
t1_lvji5et,comment,2024-11-05T16:09:32+00:00,conspiracy,thatsoffalygood,t3_1gk8jy5,post,"so the only way Trump can lose is if the election is rigged?  
and the only chaos that will happen is antifa, BLM and Obama?

You cannot see a scenario where Trump loses fair or that anyone on the right would cause a disturbance?  
  
 Seems to me that Trumps and Maga propaganda has really done a number on you.",https://www.reddit.com/r/conspiracy/comments/1gk8jy5/this_is_going_to_be_a_no_win_election/lvji5et/,76,76,N/A,N/A,N/A,False
t1_lvjbgoy,comment,2024-11-05T15:36:32+00:00,conspiracy,ErrlRiggs,t3_1gk8jy5,post,"Can someone explain why it is impossible for a Democrat to win without a rigged election? I don't know if people realize how pathetic it sounds when an organization claims the only way they can lose is if they're cheated, it sounds like narcissistic brain rot",https://www.reddit.com/r/conspiracy/comments/1gk8jy5/this_is_going_to_be_a_no_win_election/lvjbgoy/,447,447,N/A,N/A,N/A,False
t1_lvjcj41,comment,2024-11-05T15:41:48+00:00,conspiracy,Dabadoi,t3_1gk8jy5,post,"That's because he and the entirety of conservative media has been telling you it's rigged if he loses, since the last time he lost.

Nobody is immune to propaganda, especially people who think they are.",https://www.reddit.com/r/conspiracy/comments/1gk8jy5/this_is_going_to_be_a_no_win_election/lvjcj41/,245,245,N/A,N/A,N/A,False
t1_lvjd1at,comment,2024-11-05T15:44:18+00:00,conspiracy,kajunkennyg,t3_1gk8jy5,post,holy fuck you people believe to much bullshit rhetoric.,https://www.reddit.com/r/conspiracy/comments/1gk8jy5/this_is_going_to_be_a_no_win_election/lvjd1at/,129,129,N/A,N/A,N/A,False
t1_lvjd3ss,comment,2024-11-05T15:44:39+00:00,conspiracy,owenfaz21,t3_1gk8jy5,post,why are 95% percent of people on this sub conservatives? is it rare to be a left wing conspiracist?,https://www.reddit.com/r/conspiracy/comments/1gk8jy5/this_is_going_to_be_a_no_win_election/lvjd3ss/,115,115,N/A,N/A,N/A,False
t1_lvj9jrp,comment,2024-11-05T15:26:54+00:00,conspiracy,CaBBaGe_isLaND,t3_1gk8jy5,post,"""My conspiracy theory is that Kamala will cheat and the election will be rigged or Trump will win and the democrats will burn down the whole country. Durrrrrrrrrrrr I am very smart""",https://www.reddit.com/r/conspiracy/comments/1gk8jy5/this_is_going_to_be_a_no_win_election/lvj9jrp/,122,122,N/A,N/A,N/A,False
t1_lvjw526,comment,2024-11-05T17:17:41+00:00,conspiracy,Just-Morning8756,t3_1gk8jy5,post,Funny how no one ever claims an election is rigged if they get the outcome they wanted.,https://www.reddit.com/r/conspiracy/comments/1gk8jy5/this_is_going_to_be_a_no_win_election/lvjw526/,15,15,N/A,N/A,N/A,False
t1_lvjy6if,comment,2024-11-05T17:27:35+00:00,conspiracy,FeedDaSarlacc,t3_1gk8jy5,post,Is there a conspiracy sub that bans current political word vomit?  I’m so sick of these posts,https://www.reddit.com/r/conspiracy/comments/1gk8jy5/this_is_going_to_be_a_no_win_election/lvjy6if/,14,14,N/A,N/A,N/A,False
t1_lvkv1ch,comment,2024-11-05T20:06:43+00:00,conspiracy,LaidByTheBlade,t3_1gk8jy5,post,Why is the election only rigged if your guy doesn’t win? What the fuck horse shit logic is that?,https://www.reddit.com/r/conspiracy/comments/1gk8jy5/this_is_going_to_be_a_no_win_election/lvkv1ch/,4,4,N/A,N/A,N/A,False
t1_lvkwr2h,comment,2024-11-05T20:15:12+00:00,conspiracy,,t3_1gk8jy5,post,"Half yall mfs are just conservatives in a conspiracy sub. There’s a real conspiracy going on between Musk, Thiel, the intelligence agencies, Israel, etc.",https://www.reddit.com/r/conspiracy/comments/1gk8jy5/this_is_going_to_be_a_no_win_election/lvkwr2h/,4,4,N/A,N/A,N/A,False
t1_lvjplge,comment,2024-11-05T16:45:52+00:00,conspiracy,stephiemarie93,t3_1gk8jy5,post,"When will people realize, it's not left vs right. It's top vs bottom...",https://www.reddit.com/r/conspiracy/comments/1gk8jy5/this_is_going_to_be_a_no_win_election/lvjplge/,6,6,N/A,N/A,N/A,False
t1_lvkyman,comment,2024-11-05T20:24:22+00:00,conspiracy,nowalkietalkies13,t3_1gk8jy5,post,The true conspiracy is how I tricked myself into believing this sub would be entertaining and not a bunch of crybaby chuds whining like every other corner of social media,https://www.reddit.com/r/conspiracy/comments/1gk8jy5/this_is_going_to_be_a_no_win_election/lvkyman/,8,8,N/A,N/A,N/A,False
t1_lvjbie2,comment,2024-11-05T15:36:45+00:00,conspiracy,Chuck_Rawks,t3_1gk8jy5,post,Bahaahahah,https://www.reddit.com/r/conspiracy/comments/1gk8jy5/this_is_going_to_be_a_no_win_election/lvjbie2/,11,11,N/A,N/A,N/A,False
t1_lvjjuxe,comment,2024-11-05T16:17:55+00:00,conspiracy,Allnewsisfakenews,t3_1gk8jy5,post,"Welcome to America. People have been successfully 🙌 brainwashed to always think their ""team"" is not the problem. Until we start electing 3rd and 4th parties nothing will change for the better.",https://www.reddit.com/r/conspiracy/comments/1gk8jy5/this_is_going_to_be_a_no_win_election/lvjjuxe/,15,15,N/A,N/A,N/A,False
t3_1gcq9ip,post,2024-10-26T17:29:37+00:00,conspiracy,ricincali,N/A,N/A,"Rogan Interview:  Can Any Leftist Admit Some Truth?

I watched the interview and it was amazing. All else aside…can you allow yourself to be impressed that this man talked coherently about water policies, forestry, ag land use, international relations, domestic jobs, protectionism, corporate and personal taxes, voter fraud, immigration, wind power, nuclear power, clean air and water, and a ton more? Free-form over 2 hours, with no advanced controls?  If you can’t escape your cult long enough to know your girl could have never accomplished 1/100th of this coherently?  Imho you can’t be helped.

URL: https://www.reddit.com/r/conspiracy/comments/1gcq9ip/rogan_interview_can_any_leftist_admit_some_truth/",https://www.reddit.com/r/conspiracy/comments/1gcq9ip/rogan_interview_can_any_leftist_admit_some_truth/,178,178,0,0.52,1002,False
t1_ltvov64,comment,2024-10-26T17:29:38+00:00,conspiracy,AutoModerator,t3_1gcq9ip,post,"###[Meta] Sticky Comment

[Rule 2](https://www.reddit.com/r/conspiracy/wiki/faq#wiki_2_-_address_the_argument.3B_not_the_user.2C_the_mods.2C_or_the_sub.) ***does not apply*** when replying to this stickied comment.  

[Rule 2](https://www.reddit.com/r/conspiracy/wiki/faq#wiki_2_-_address_the_argument.3B_not_the_user.2C_the_mods.2C_or_the_sub.) ***does apply*** throughout the rest of this thread.

*What this means*: Please keep any ""meta"" discussion directed at specific users, mods, or /r/conspiracy in general in this comment chain ***only.***

*I am a bot, and this action was performed automatically. Please [contact the moderators of this subreddit](/message/compose/?to=/r/conspiracy) if you have any questions or concerns.*",https://www.reddit.com/r/conspiracy/comments/1gcq9ip/rogan_interview_can_any_leftist_admit_some_truth/ltvov64/,1,1,N/A,N/A,N/A,False
t1_ltxjvi4,comment,2024-10-26T23:51:21+00:00,conspiracy,AnUnrequitedTruth,t3_1gcq9ip,post,"To answer your question, many people have said that it was a tremendous interview. They’ve come to me—tears in their eyes—and said, “Sir, that was a wonderful interview. We’ve never seen a better interview in the history of this country.” And these are good people, beautiful people, people you’d want to have as kids. And these kids will see that I’m tough on China as we take in beeyuns upon beeyuns of dollars, and the Ukraine war will end as soon as I’m president-elect.",https://www.reddit.com/r/conspiracy/comments/1gcq9ip/rogan_interview_can_any_leftist_admit_some_truth/ltxjvi4/,363,363,N/A,N/A,N/A,False
t1_ltyihkd,comment,2024-10-27T03:42:02+00:00,conspiracy,Zanzibar424,t3_1gcq9ip,post,Hey remember when this was a conspiracy subreddit?,https://www.reddit.com/r/conspiracy/comments/1gcq9ip/rogan_interview_can_any_leftist_admit_some_truth/ltyihkd/,174,174,N/A,N/A,N/A,False
t1_ltw7ol2,comment,2024-10-26T19:12:56+00:00,conspiracy,8891990,t3_1gcq9ip,post,"Agreed, you have to be pretty fucking hopped up on TDS to pretend like this dude isn't coherent when he's laying it down like this:


> TRUMP: That election was so crooked, it was the most crooked election.

> ROGAN: Ok, but give me some examples of how.

> TRUMP: Well, let’s start, let’s start at the top and the easy ones. They were supposed to get legislative approval to do the things they did, and they didn’t get it in many cases, They didn’t get it.

> ROGAN: What things?

> TRUMP: Anything.

> ROGAN: Legislative approval of?

> TRUMP: Like for extensions of the voting, for voting earlier. All this different things By law, they had to get legislative approvals. You don’t have to go any further than that. If you take a look at Wisconsin, they virtually admitted that the election was rigged, robbed, and stolen. They wouldn’t give access in certain areas to the ballots because the ballots weren’t signed. They weren’t originals. They were– we could go into this stuff. We could go into the ballots, or we could go into the overall. I’ll give you another way.

> ROGAN: Are you gonna present this ever?

> TRUMP: Uh.

> ROGAN: Do you think, like–

> TRUMP: Let me give you just one more. Fifty-one intelligence agents come up that the laptop was from Russia. It turned out to be totally false.",https://www.reddit.com/r/conspiracy/comments/1gcq9ip/rogan_interview_can_any_leftist_admit_some_truth/ltw7ol2/,376,376,N/A,N/A,N/A,False
t1_lty8988,comment,2024-10-27T02:30:06+00:00,conspiracy,Embarrassed-Hour-578,t3_1gcq9ip,post,what a time to be alive that people are bragging that their preferred candidate is speaking coherently for once lol,https://www.reddit.com/r/conspiracy/comments/1gcq9ip/rogan_interview_can_any_leftist_admit_some_truth/lty8988/,105,105,N/A,N/A,N/A,False
t1_ltvzax9,comment,2024-10-26T18:26:53+00:00,conspiracy,DonTequilo,t3_1gcq9ip,post,I don’t get this conspiracy,https://www.reddit.com/r/conspiracy/comments/1gcq9ip/rogan_interview_can_any_leftist_admit_some_truth/ltvzax9/,872,872,N/A,N/A,N/A,False
t1_ltyb748,comment,2024-10-27T02:49:50+00:00,conspiracy,hauss005,t3_1gcq9ip,post,I can’t tell what’s conspiracy and what’s satire anymore.,https://www.reddit.com/r/conspiracy/comments/1gcq9ip/rogan_interview_can_any_leftist_admit_some_truth/ltyb748/,73,73,N/A,N/A,N/A,False
t1_ltw4ywh,comment,2024-10-26T18:57:44+00:00,conspiracy,Fart_Typhoon420,t3_1gcq9ip,post,"""I asked a farmer where's the water, and he said there is none......when I was president we had the best air and the best water""

Wow, so profound. How can you doubt this guy's knowledge of the issues.",https://www.reddit.com/r/conspiracy/comments/1gcq9ip/rogan_interview_can_any_leftist_admit_some_truth/ltw4ywh/,1200,1200,N/A,N/A,N/A,False
t1_ltw1cw6,comment,2024-10-26T18:38:02+00:00,conspiracy,MondoFool,t3_1gcq9ip,post,"Its funny how the conspiracy sub has turned into the ""easily impressed by politicians"" sub",https://www.reddit.com/r/conspiracy/comments/1gcq9ip/rogan_interview_can_any_leftist_admit_some_truth/ltw1cw6/,820,820,N/A,N/A,N/A,False
t1_ltw95xu,comment,2024-10-26T19:21:08+00:00,conspiracy,LightBeerOnIce,t3_1gcq9ip,post,"Can we stop with the ""leftist"" bullshit. It's Democrats vs. Republicans. All this boogeyman name calling is only making our situation worse. JFC. I hate this gad damned timeline.",https://www.reddit.com/r/conspiracy/comments/1gcq9ip/rogan_interview_can_any_leftist_admit_some_truth/ltw95xu/,120,120,N/A,N/A,N/A,False
t1_ltw40tl,comment,2024-10-26T18:52:33+00:00,conspiracy,,t3_1gcq9ip,post,What a crazy coincidence that every conspiracy on this sub happens to align with right wing American politics. ,https://www.reddit.com/r/conspiracy/comments/1gcq9ip/rogan_interview_can_any_leftist_admit_some_truth/ltw40tl/,422,422,N/A,N/A,N/A,False
t1_ltw3wf9,comment,2024-10-26T18:51:54+00:00,conspiracy,,t3_1gcq9ip,post,[removed],https://www.reddit.com/r/conspiracy/comments/1gcq9ip/rogan_interview_can_any_leftist_admit_some_truth/ltw3wf9/,271,271,N/A,N/A,N/A,False
t1_ltyozdx,comment,2024-10-27T04:35:12+00:00,conspiracy,KC_Kev,t3_1gcq9ip,post,Yeah he was really coherent when he said Tad Lincolns death cause Abraham to be depressed when in reality Tad died 6 years after Abraham. Or when he rambled for 20 mins about being amazed that Air Force one could land with no lights. Or when he said he was Oprahs final guest and it was a big honor when in reality the show went on for 3 months after he was on.,https://www.reddit.com/r/conspiracy/comments/1gcq9ip/rogan_interview_can_any_leftist_admit_some_truth/ltyozdx/,31,31,N/A,N/A,N/A,False
t1_ltw40pf,comment,2024-10-26T18:52:32+00:00,conspiracy,Cryptoman_CRO,t3_1gcq9ip,post,Bro he's never specific,https://www.reddit.com/r/conspiracy/comments/1gcq9ip/rogan_interview_can_any_leftist_admit_some_truth/ltw40pf/,93,93,N/A,N/A,N/A,False
t1_ltxqfyv,comment,2024-10-27T00:33:20+00:00,conspiracy,DefenestrateMyStyle,t3_1gcq9ip,post,">can you allow yourself to be impressed that this man talked coherently...

My God man... look how low you've set the bar",https://www.reddit.com/r/conspiracy/comments/1gcq9ip/rogan_interview_can_any_leftist_admit_some_truth/ltxqfyv/,12,12,N/A,N/A,N/A,False
t1_ltvy18s,comment,2024-10-26T18:19:52+00:00,conspiracy,UrDeAdPuPpYbOnEr,t3_1gcq9ip,post,Did you guys watch the part where he tried to explain how the election was stolen? That was coherent to you?,https://www.reddit.com/r/conspiracy/comments/1gcq9ip/rogan_interview_can_any_leftist_admit_some_truth/ltvy18s/,315,315,N/A,N/A,N/A,False
t1_ltw3gar,comment,2024-10-26T18:49:27+00:00,conspiracy,prometheus_winced,t3_1gcq9ip,post,"This isn't a conspiracy, this is party politics. This isn't relevant to the sub. Are there no mods?",https://www.reddit.com/r/conspiracy/comments/1gcq9ip/rogan_interview_can_any_leftist_admit_some_truth/ltw3gar/,57,57,N/A,N/A,N/A,False
t1_ltxxha7,comment,2024-10-27T01:18:41+00:00,conspiracy,Twitchmonky,t3_1gcq9ip,post,"Look, another person that doesn't have a clue what a cult is.",https://www.reddit.com/r/conspiracy/comments/1gcq9ip/rogan_interview_can_any_leftist_admit_some_truth/ltxxha7/,11,11,N/A,N/A,N/A,False
t1_ltyafd4,comment,2024-10-27T02:44:30+00:00,conspiracy,Michaelskywalker,t3_1gcq9ip,post,What is the conspiracy maga bot,https://www.reddit.com/r/conspiracy/comments/1gcq9ip/rogan_interview_can_any_leftist_admit_some_truth/ltyafd4/,12,12,N/A,N/A,N/A,False
t1_ltx3pgr,comment,2024-10-26T22:10:29+00:00,conspiracy,,t3_1gcq9ip,post,If you thought that was coherent then I understand why you incorrectly posted this in a conspiracy forum,https://www.reddit.com/r/conspiracy/comments/1gcq9ip/rogan_interview_can_any_leftist_admit_some_truth/ltx3pgr/,23,23,N/A,N/A,N/A,False
t3_1gd4sya,post,2024-10-27T06:28:46+00:00,conspiracy,rangisrovus19,N/A,N/A,"The amount of hate towards Trump is comical.

Out of all the humans to put emotional energy into, left-leaners (and others) choose to spend that energy on hating Trump.  Not the shadowy, faceless figures that kidnap and do unspeakable things to other humans such as children.  Not the humans that are actually out in the public eye, like Diddy, Epstein, etc... no no they gotta hate Trump.  Who, isn't even close to the worst kind of human.  It's truly spectacular to see.

URL: https://www.reddit.com/r/conspiracy/comments/1gd4sya/the_amount_of_hate_towards_trump_is_comical/",https://www.reddit.com/r/conspiracy/comments/1gd4sya/the_amount_of_hate_towards_trump_is_comical/,73,73,0,0.51,625,False
t1_ltz0ms8,comment,2024-10-27T06:28:46+00:00,conspiracy,AutoModerator,t3_1gd4sya,post,"###[Meta] Sticky Comment

[Rule 2](https://www.reddit.com/r/conspiracy/wiki/faq#wiki_2_-_address_the_argument.3B_not_the_user.2C_the_mods.2C_or_the_sub.) ***does not apply*** when replying to this stickied comment.  

[Rule 2](https://www.reddit.com/r/conspiracy/wiki/faq#wiki_2_-_address_the_argument.3B_not_the_user.2C_the_mods.2C_or_the_sub.) ***does apply*** throughout the rest of this thread.

*What this means*: Please keep any ""meta"" discussion directed at specific users, mods, or /r/conspiracy in general in this comment chain ***only.***

*I am a bot, and this action was performed automatically. Please [contact the moderators of this subreddit](/message/compose/?to=/r/conspiracy) if you have any questions or concerns.*",https://www.reddit.com/r/conspiracy/comments/1gd4sya/the_amount_of_hate_towards_trump_is_comical/ltz0ms8/,1,1,N/A,N/A,N/A,False
t1_ltziwbb,comment,2024-10-27T09:49:44+00:00,conspiracy,pirate_12,t3_1gd4sya,post,This sub sucks now,https://www.reddit.com/r/conspiracy/comments/1gd4sya/the_amount_of_hate_towards_trump_is_comical/ltziwbb/,53,53,N/A,N/A,N/A,False
t1_ltzwu4s,comment,2024-10-27T12:10:33+00:00,conspiracy,trillsyd,t3_1gd4sya,post,well he’s trying to become….president ya know. so kinda not someone you can just….ignore……,https://www.reddit.com/r/conspiracy/comments/1gd4sya/the_amount_of_hate_towards_trump_is_comical/ltzwu4s/,148,148,N/A,N/A,N/A,False
t1_ltz5vvp,comment,2024-10-27T07:26:34+00:00,conspiracy,,t3_1gd4sya,post,[removed],https://www.reddit.com/r/conspiracy/comments/1gd4sya/the_amount_of_hate_towards_trump_is_comical/ltz5vvp/,524,524,N/A,N/A,N/A,False
t1_ltz5r90,comment,2024-10-27T07:25:05+00:00,conspiracy,DruidicMagic,t3_1gd4sya,post,The amount of pro Trump posts is hilarious given the fact that he's a self described pussy grabber trying to represent the party of Christian morals and family values.,https://www.reddit.com/r/conspiracy/comments/1gd4sya/the_amount_of_hate_towards_trump_is_comical/ltz5r90/,151,151,N/A,N/A,N/A,False
t1_ltz28r9,comment,2024-10-27T06:46:19+00:00,conspiracy,SenatorAstronomer,t3_1gd4sya,post,"What is there to like about the guy?  I've posted it before but I have no problem pasting it again.

Trump cares about nobody but himself.  He always has, always will.   He's promised and promised and let people down and screwed people over for 40+ years now.   He's a narcissistic asshole that for whatever reason a lot of people ""relate to.""  He's the friend who always is willing to volunteer and help but never shows up.   The guy who has the great idea and gets you to invest money, but always fails..... and he never apologizes or takes responsibility for.  The list of schemes, scams and grifts is pages long.  What in the world is so appealing about the guy?  He's a life long con man who only looks for himself.",https://www.reddit.com/r/conspiracy/comments/1gd4sya/the_amount_of_hate_towards_trump_is_comical/ltz28r9/,277,277,N/A,N/A,N/A,False
t1_ltz5iiq,comment,2024-10-27T07:22:23+00:00,conspiracy,,t3_1gd4sya,post,[removed],https://www.reddit.com/r/conspiracy/comments/1gd4sya/the_amount_of_hate_towards_trump_is_comical/ltz5iiq/,298,298,N/A,N/A,N/A,False
t1_ltz435h,comment,2024-10-27T07:06:23+00:00,conspiracy,,t3_1gd4sya,post,[removed],https://www.reddit.com/r/conspiracy/comments/1gd4sya/the_amount_of_hate_towards_trump_is_comical/ltz435h/,72,72,N/A,N/A,N/A,False
t1_ltz5hps,comment,2024-10-27T07:22:07+00:00,conspiracy,TrumpDidNoDrugs,t3_1gd4sya,post,"On the other side of the spectrum, it's fucking odd how conservative people are so eager to cosign for a fascist regime. Why would you even gamble with something like that?",https://www.reddit.com/r/conspiracy/comments/1gd4sya/the_amount_of_hate_towards_trump_is_comical/ltz5hps/,92,92,N/A,N/A,N/A,False
t1_ltz2nar,comment,2024-10-27T06:50:43+00:00,conspiracy,Liamwill-walker,t3_1gd4sya,post,99.999999% didn’t hate him until 2015 or 2016.,https://www.reddit.com/r/conspiracy/comments/1gd4sya/the_amount_of_hate_towards_trump_is_comical/ltz2nar/,240,240,N/A,N/A,N/A,False
t1_ltz5d3u,comment,2024-10-27T07:20:39+00:00,conspiracy,dweeegs,t3_1gd4sya,post,"Epstein is dead and Diddy is getting thrown the book at him. Where are all these left-leaners who are defending these guys?

Do you realize people can chew gum and walk at the same time?

I’m concerned those things AND about Trump building the swamp by hiring rich fucks and CEO’s and family members into positions of power once again

It’s really not hard to figure out

Epstein also “””suicided””” under Trump’s term. Trump did nothing. His secretary of labor was the same prosecutor that spared Epstein jail time for a plea deal. Trump’s also used some of Epstein’s lawyers. Not to mention they lived near each other for a long time.

You don’t care about Epstein at all, or else you’d care about that. So how can you expect the other side to focus on it.",https://www.reddit.com/r/conspiracy/comments/1gd4sya/the_amount_of_hate_towards_trump_is_comical/ltz5d3u/,72,72,N/A,N/A,N/A,False
t1_ltzc87r,comment,2024-10-27T08:37:45+00:00,conspiracy,Blindog68,t3_1gd4sya,post,"No, the amount of love for Trump on r/conspiracy is comical.",https://www.reddit.com/r/conspiracy/comments/1gd4sya/the_amount_of_hate_towards_trump_is_comical/ltzc87r/,35,35,N/A,N/A,N/A,False
t1_lu06rcn,comment,2024-10-27T13:25:33+00:00,conspiracy,,t3_1gd4sya,post,"Funny considering the last time I drove through the states I saw only Trump and F\*\*k Biden signs, never the other way around. Seems like projection.",https://www.reddit.com/r/conspiracy/comments/1gd4sya/the_amount_of_hate_towards_trump_is_comical/lu06rcn/,32,32,N/A,N/A,N/A,False
t1_ltz5oet,comment,2024-10-27T07:24:11+00:00,conspiracy,The_Neckbeard_King,t3_1gd4sya,post,I probably wouldn’t hate him or even think about him if he wasn’t running for president. Because he can potentially be terrible for our country and affect our daily lives I have to care.,https://www.reddit.com/r/conspiracy/comments/1gd4sya/the_amount_of_hate_towards_trump_is_comical/ltz5oet/,42,42,N/A,N/A,N/A,False
t1_ltz9f4d,comment,2024-10-27T08:06:31+00:00,conspiracy,TheJimtomyPam,t3_1gd4sya,post,"I think it's more so frustration and fear of more rights being taken away, I've seen plenty of rage towards Diddy from all sides. I care very much for children as I'm an educator and I'll fight against pedos, abusers, etc. I just didn't think I'd have to fight to keep one out of the white house.",https://www.reddit.com/r/conspiracy/comments/1gd4sya/the_amount_of_hate_towards_trump_is_comical/ltz9f4d/,23,23,N/A,N/A,N/A,False
t1_ltzl54g,comment,2024-10-27T10:15:00+00:00,conspiracy,KanessaDK,t3_1gd4sya,post,"You do know it's possible to hate all of those people at the same time, right? To me, Trump and Diddy are the same; rotten and a waste of oxygen, to put it nicely.",https://www.reddit.com/r/conspiracy/comments/1gd4sya/the_amount_of_hate_towards_trump_is_comical/ltzl54g/,11,11,N/A,N/A,N/A,False
t1_ltz15vj,comment,2024-10-27T06:34:32+00:00,conspiracy,,t3_1gd4sya,post,[deleted],https://www.reddit.com/r/conspiracy/comments/1gd4sya/the_amount_of_hate_towards_trump_is_comical/ltz15vj/,29,29,N/A,N/A,N/A,False
t1_ltzc03e,comment,2024-10-27T08:35:15+00:00,conspiracy,K1llG0r3Tr0ut,t3_1gd4sya,post,"Funny that the examples of people more deserving of hate than trump are: Diddy (who is in jail), Epstein (who is dead), or an imaginary, faceless, evil figure. Perhaps take a moment to consider *why* people hate him so much.",https://www.reddit.com/r/conspiracy/comments/1gd4sya/the_amount_of_hate_towards_trump_is_comical/ltzc03e/,10,10,N/A,N/A,N/A,False
t1_lu08fjb,comment,2024-10-27T13:36:56+00:00,conspiracy,scramble_suit_bob,t3_1gd4sya,post,Trump is somehow Hitler reincarnate *and* a complete nincompoop.,https://www.reddit.com/r/conspiracy/comments/1gd4sya/the_amount_of_hate_towards_trump_is_comical/lu08fjb/,6,6,N/A,N/A,N/A,False
t1_ltz6ob8,comment,2024-10-27T07:35:27+00:00,conspiracy,ifunnywasaninsidejob,t3_1gd4sya,post,If Diddy tried to run for president Id probably spend more time thinking about him then I do now.,https://www.reddit.com/r/conspiracy/comments/1gd4sya/the_amount_of_hate_towards_trump_is_comical/ltz6ob8/,10,10,N/A,N/A,N/A,False
t3_1fdzkiy,post,2024-09-11T02:27:25+00:00,conspiracy,jaejaeok,N/A,N/A,"I’d bet my house that Kamala got the questions before hand.

Her syntax is completely unnatural to her normal impromptu tone. Her rhythm is memorized script. 

I think these folks forget we see clips of all of their rallies. We know what their memorization tone sounds like. 

This debate was a flop.

URL: https://www.reddit.com/r/conspiracy/comments/1fdzkiy/id_bet_my_house_that_kamala_got_the_questions/",https://www.reddit.com/r/conspiracy/comments/1fdzkiy/id_bet_my_house_that_kamala_got_the_questions/,77,77,0,0.51,469,False
t1_lmjkndb,comment,2024-09-11T02:27:25+00:00,conspiracy,AutoModerator,t3_1fdzkiy,post,"###[Meta] Sticky Comment

[Rule 2](https://www.reddit.com/r/conspiracy/wiki/faq#wiki_2_-_address_the_argument.3B_not_the_user.2C_the_mods.2C_or_the_sub.) ***does not apply*** when replying to this stickied comment.  

[Rule 2](https://www.reddit.com/r/conspiracy/wiki/faq#wiki_2_-_address_the_argument.3B_not_the_user.2C_the_mods.2C_or_the_sub.) ***does apply*** throughout the rest of this thread.

*What this means*: Please keep any ""meta"" discussion directed at specific users, mods, or /r/conspiracy in general in this comment chain ***only.***

*I am a bot, and this action was performed automatically. Please [contact the moderators of this subreddit](/message/compose/?to=/r/conspiracy) if you have any questions or concerns.*",https://www.reddit.com/r/conspiracy/comments/1fdzkiy/id_bet_my_house_that_kamala_got_the_questions/lmjkndb/,1,1,N/A,N/A,N/A,False
t1_lmju93h,comment,2024-09-11T03:25:05+00:00,conspiracy,positivename,t3_1fdzkiy,post,"uhh abortion, inflation, jobs...didn't even watch the debate but there you go",https://www.reddit.com/r/conspiracy/comments/1fdzkiy/id_bet_my_house_that_kamala_got_the_questions/lmju93h/,296,296,N/A,N/A,N/A,False
t1_lmjndu4,comment,2024-09-11T02:42:23+00:00,conspiracy,,t3_1fdzkiy,post,"The questions aren’t exactly challenging to figure out. There’s a few themes and the smart candidates just answer their answers for that theme.

That’s why Harris and every other normal candidate sounds rehearsed",https://www.reddit.com/r/conspiracy/comments/1fdzkiy/id_bet_my_house_that_kamala_got_the_questions/lmjndu4/,704,704,N/A,N/A,N/A,False
t1_lmjodz9,comment,2024-09-11T02:48:04+00:00,conspiracy,DevilsPlaything42,t3_1fdzkiy,post,It's not rocket science.,https://www.reddit.com/r/conspiracy/comments/1fdzkiy/id_bet_my_house_that_kamala_got_the_questions/lmjodz9/,183,183,N/A,N/A,N/A,False
t1_lmjnflt,comment,2024-09-11T02:42:40+00:00,conspiracy,,t3_1fdzkiy,post,[deleted],https://www.reddit.com/r/conspiracy/comments/1fdzkiy/id_bet_my_house_that_kamala_got_the_questions/lmjnflt/,380,380,N/A,N/A,N/A,False
t1_lmjqyzc,comment,2024-09-11T03:04:11+00:00,conspiracy,youarenut,t3_1fdzkiy,post,"How does this have almost 100 upvotes. Do you guys really think a smart candidate wouldn’t have prepared for questions like these?

Immigration, healthcare, 1/6, Ukraine/Russia, etc? These aren’t mystery topics",https://www.reddit.com/r/conspiracy/comments/1fdzkiy/id_bet_my_house_that_kamala_got_the_questions/lmjqyzc/,321,321,N/A,N/A,N/A,False
t1_lmk1huy,comment,2024-09-11T04:16:48+00:00,conspiracy,loki8481,t3_1fdzkiy,post,I think it's funny that we know from Megyn Kelly's book that Trump was given debate questions in advance of the 2016 debates (he called to yell at her about a question she was going to ask the night before one of the debates) and we all just moved on and pretended it never happened.,https://www.reddit.com/r/conspiracy/comments/1fdzkiy/id_bet_my_house_that_kamala_got_the_questions/lmk1huy/,29,29,N/A,N/A,N/A,False
t1_lmjpa79,comment,2024-09-11T02:53:34+00:00,conspiracy,,t3_1fdzkiy,post,"You'd be homeless... Come on man. They're not exactly difficult hidden topics. Policy, immigration, healthcare. It's not rocket science",https://www.reddit.com/r/conspiracy/comments/1fdzkiy/id_bet_my_house_that_kamala_got_the_questions/lmjpa79/,135,135,N/A,N/A,N/A,False
t1_lmjs04z,comment,2024-09-11T03:10:41+00:00,conspiracy,catullus-sixteen,t3_1fdzkiy,post,That’s all you got for r/conspiracy? Amateur.,https://www.reddit.com/r/conspiracy/comments/1fdzkiy/id_bet_my_house_that_kamala_got_the_questions/lmjs04z/,61,61,N/A,N/A,N/A,False
t1_lmjsjnu,comment,2024-09-11T03:14:06+00:00,conspiracy,mrfly2000,t3_1fdzkiy,post,I think she just seemed prepared compared to trump. She sounded about as prepared as any other normal candidate,https://www.reddit.com/r/conspiracy/comments/1fdzkiy/id_bet_my_house_that_kamala_got_the_questions/lmjsjnu/,80,80,N/A,N/A,N/A,False
t1_lmk0jme,comment,2024-09-11T04:09:28+00:00,conspiracy,beetsandbears,t3_1fdzkiy,post,That's how lawyers talk,https://www.reddit.com/r/conspiracy/comments/1fdzkiy/id_bet_my_house_that_kamala_got_the_questions/lmk0jme/,10,10,N/A,N/A,N/A,False
t1_lmju7wc,comment,2024-09-11T03:24:52+00:00,conspiracy,,t3_1fdzkiy,post,"Yeah it's crazy that she knew they'd ask her to talk about immigration, inflation, the war in Ukraine, jan 6th, Afghanistan, etc. Clearly the fix must be in!",https://www.reddit.com/r/conspiracy/comments/1fdzkiy/id_bet_my_house_that_kamala_got_the_questions/lmju7wc/,43,43,N/A,N/A,N/A,False
t1_lmjs0gy,comment,2024-09-11T03:10:44+00:00,conspiracy,ElderlyTurtles,t3_1fdzkiy,post,Which question surprised you?,https://www.reddit.com/r/conspiracy/comments/1fdzkiy/id_bet_my_house_that_kamala_got_the_questions/lmjs0gy/,19,19,N/A,N/A,N/A,False
t1_lmjwgc0,comment,2024-09-11T03:39:56+00:00,conspiracy,Keep-Six,t3_1fdzkiy,post,I think you've just lowered your expectations due to past representatives. She's generally just a good speaker. It's nothing too crazy. They have many other presidents that are equally well spoken and have intelligent enough answers in debates.,https://www.reddit.com/r/conspiracy/comments/1fdzkiy/id_bet_my_house_that_kamala_got_the_questions/lmjwgc0/,19,19,N/A,N/A,N/A,False
t1_lmjr3pw,comment,2024-09-11T03:05:00+00:00,conspiracy,ekoms_stnioj,t3_1fdzkiy,post,Anyone else depressed that this has just turned into a shitty US politics subreddit? And a conservative echo chamber at that?,https://www.reddit.com/r/conspiracy/comments/1fdzkiy/id_bet_my_house_that_kamala_got_the_questions/lmjr3pw/,81,81,N/A,N/A,N/A,False
t1_lmjpl43,comment,2024-09-11T02:55:25+00:00,conspiracy,brandan223,t3_1fdzkiy,post,“I have an idea of a plan” these questions are very easy to answer,https://www.reddit.com/r/conspiracy/comments/1fdzkiy/id_bet_my_house_that_kamala_got_the_questions/lmjpl43/,23,23,N/A,N/A,N/A,False
t1_lmjv8lp,comment,2024-09-11T03:31:39+00:00,conspiracy,,t3_1fdzkiy,post,"Trump sure could have used the questios beforehand... 

""They're eating your pets"" isn't  the best improv.",https://www.reddit.com/r/conspiracy/comments/1fdzkiy/id_bet_my_house_that_kamala_got_the_questions/lmjv8lp/,21,21,N/A,N/A,N/A,False
t1_lmjwtj5,comment,2024-09-11T03:42:26+00:00,conspiracy,GayFrogWithHat,t3_1fdzkiy,post,"These questions were expected, so how is this surprising that she answered well-prepared?",https://www.reddit.com/r/conspiracy/comments/1fdzkiy/id_bet_my_house_that_kamala_got_the_questions/lmjwtj5/,21,21,N/A,N/A,N/A,False
t1_lmjuaru,comment,2024-09-11T03:25:23+00:00,conspiracy,GreenViking79,t3_1fdzkiy,post,"One persons a bar certified prosecutor and prepared for a debate. 

The other person is a carny clown that rambles conspiracies, misinformation, and hyperboles. 

Trump had the questions, it was the same ones they asked him a few months ago when he debated Biden.",https://www.reddit.com/r/conspiracy/comments/1fdzkiy/id_bet_my_house_that_kamala_got_the_questions/lmjuaru/,44,44,N/A,N/A,N/A,False
t1_lmjz8pl,comment,2024-09-11T03:59:40+00:00,conspiracy,SunshineBear100,t3_1fdzkiy,post,"Politics aside, why is it so hard to believe that she was just well prepared? She prepped for 5+ days, and Trump didn’t do himself any favors with his old man rants.",https://www.reddit.com/r/conspiracy/comments/1fdzkiy/id_bet_my_house_that_kamala_got_the_questions/lmjz8pl/,12,12,N/A,N/A,N/A,False
t3_1g5cq5l,post,2024-10-16T23:05:53+00:00,conspiracy,DueDrama8301,N/A,N/A,"I am man enough to admit when I am wrong. Brett Cooked Kamala Harris. Why would her handlers agree to let Kamala go on Fox?

Holy Shit. I understand why Kamala and Biden are trying to Unalive Trump. That’s the only way they can win. If he is no longer on the Ballot. 

Every answer is literally Orange Man Bad. 

Trumps revenge tour is going to be great. I can’t wait to see the same standards of Justice being applied to Dems. 

It’s also clear the systemic destruction of America is by design. This is the type of Leadership the Puppet Masters are giving us. America is fucked.

URL: https://www.reddit.com/r/conspiracy/comments/1g5cq5l/i_am_man_enough_to_admit_when_i_am_wrong_brett/",https://www.reddit.com/r/conspiracy/comments/1g5cq5l/i_am_man_enough_to_admit_when_i_am_wrong_brett/,18,18,0,0.5,394,True
t1_lsa2guq,comment,2024-10-16T23:05:53+00:00,conspiracy,AutoModerator,t3_1g5cq5l,post,"###[Meta] Sticky Comment

[Rule 2](https://www.reddit.com/r/conspiracy/wiki/faq#wiki_2_-_address_the_argument.3B_not_the_user.2C_the_mods.2C_or_the_sub.) ***does not apply*** when replying to this stickied comment.  

[Rule 2](https://www.reddit.com/r/conspiracy/wiki/faq#wiki_2_-_address_the_argument.3B_not_the_user.2C_the_mods.2C_or_the_sub.) ***does apply*** throughout the rest of this thread.

*What this means*: Please keep any ""meta"" discussion directed at specific users, mods, or /r/conspiracy in general in this comment chain ***only.***

*I am a bot, and this action was performed automatically. Please [contact the moderators of this subreddit](/message/compose/?to=/r/conspiracy) if you have any questions or concerns.*",https://www.reddit.com/r/conspiracy/comments/1g5cq5l/i_am_man_enough_to_admit_when_i_am_wrong_brett/lsa2guq/,1,1,N/A,N/A,N/A,False
t1_lsa65ox,comment,2024-10-16T23:28:59+00:00,conspiracy,alwaysablastaway,t3_1g5cq5l,post,"I remember when Bernie Sanders when on a fox news town hall and got everyone there to agree with him.

Edit: here's the video

https://youtu.be/jthr_9gIkKo?si=IXWde_JU1Nw9XQag",https://www.reddit.com/r/conspiracy/comments/1g5cq5l/i_am_man_enough_to_admit_when_i_am_wrong_brett/lsa65ox/,335,335,N/A,N/A,N/A,False
t1_lsa4ai4,comment,2024-10-16T23:17:19+00:00,conspiracy,Vexus_Starquake,t3_1g5cq5l,post,"Look, I know things are only going to get dumber after the election, but boy oh boy I can't wait for it to be over.",https://www.reddit.com/r/conspiracy/comments/1g5cq5l/i_am_man_enough_to_admit_when_i_am_wrong_brett/lsa4ai4/,211,211,N/A,N/A,N/A,False
t1_lsb2vrp,comment,2024-10-17T02:59:21+00:00,conspiracy,,t3_1g5cq5l,post,[removed],https://www.reddit.com/r/conspiracy/comments/1g5cq5l/i_am_man_enough_to_admit_when_i_am_wrong_brett/lsb2vrp/,117,117,N/A,N/A,N/A,False
t1_lsaieya,comment,2024-10-17T00:46:42+00:00,conspiracy,,t3_1g5cq5l,post,[removed],https://www.reddit.com/r/conspiracy/comments/1g5cq5l/i_am_man_enough_to_admit_when_i_am_wrong_brett/lsaieya/,227,227,N/A,N/A,N/A,False
t1_lsb2myy,comment,2024-10-17T02:57:37+00:00,conspiracy,,t3_1g5cq5l,post,[removed],https://www.reddit.com/r/conspiracy/comments/1g5cq5l/i_am_man_enough_to_admit_when_i_am_wrong_brett/lsb2myy/,46,46,N/A,N/A,N/A,False
t1_lsbkjb3,comment,2024-10-17T05:24:20+00:00,conspiracy,prometheus_winced,t3_1g5cq5l,post,It’s wild to see the conservative and liberal subs coming to completely opposite conclusions.,https://www.reddit.com/r/conspiracy/comments/1g5cq5l/i_am_man_enough_to_admit_when_i_am_wrong_brett/lsbkjb3/,6,6,N/A,N/A,N/A,False
t1_lsas89q,comment,2024-10-17T01:49:13+00:00,conspiracy,,t3_1g5cq5l,post,[deleted],https://www.reddit.com/r/conspiracy/comments/1g5cq5l/i_am_man_enough_to_admit_when_i_am_wrong_brett/lsas89q/,58,58,N/A,N/A,N/A,False
t1_lsajp21,comment,2024-10-17T00:54:47+00:00,conspiracy,j_dick,t3_1g5cq5l,post,It’s like that old Family Guy episode where Lois runs for some type of political position and when asked any question she just says “9/11” and everyone cheers.,https://www.reddit.com/r/conspiracy/comments/1g5cq5l/i_am_man_enough_to_admit_when_i_am_wrong_brett/lsajp21/,133,133,N/A,N/A,N/A,False
t1_lsaxe1y,comment,2024-10-17T02:22:15+00:00,conspiracy,,t3_1g5cq5l,post,[removed],https://www.reddit.com/r/conspiracy/comments/1g5cq5l/i_am_man_enough_to_admit_when_i_am_wrong_brett/lsaxe1y/,128,128,N/A,N/A,N/A,False
t1_lsbp1kw,comment,2024-10-17T06:09:15+00:00,conspiracy,GrapefruitCold55,t3_1g5cq5l,post,"Vladimir, please go on vacation. 

You have been working too much lately",https://www.reddit.com/r/conspiracy/comments/1g5cq5l/i_am_man_enough_to_admit_when_i_am_wrong_brett/lsbp1kw/,32,32,N/A,N/A,N/A,False
t1_lsbbl77,comment,2024-10-17T04:05:11+00:00,conspiracy,greggerypeccary,t3_1g5cq5l,post,Repeat after me: Trump is not going to be the savior you’re hoping for.,https://www.reddit.com/r/conspiracy/comments/1g5cq5l/i_am_man_enough_to_admit_when_i_am_wrong_brett/lsbbl77/,50,50,N/A,N/A,N/A,False
t1_lsd78hr,comment,2024-10-17T14:15:00+00:00,conspiracy,Vulgar_Frank,t3_1g5cq5l,post,"Looks like they're trying to let Trump win, therefore inciting a civil war. It's the only reason IMO why they had Mr. Magoo as a ""president"". They're doing the same again.",https://www.reddit.com/r/conspiracy/comments/1g5cq5l/i_am_man_enough_to_admit_when_i_am_wrong_brett/lsd78hr/,5,5,N/A,N/A,N/A,False
t1_lsatetu,comment,2024-10-17T01:56:44+00:00,conspiracy,,t3_1g5cq5l,post,[removed],https://www.reddit.com/r/conspiracy/comments/1g5cq5l/i_am_man_enough_to_admit_when_i_am_wrong_brett/lsatetu/,52,52,N/A,N/A,N/A,False
t1_lsaub0r,comment,2024-10-17T02:02:26+00:00,conspiracy,Supercozman,t3_1g5cq5l,post,the real conspiracy is how you and so many others love to lick the feet of someone that wouldn't even blink an eye at having you squeezed into breakfast  juice if it meant he could sell it to the next victim,https://www.reddit.com/r/conspiracy/comments/1g5cq5l/i_am_man_enough_to_admit_when_i_am_wrong_brett/lsaub0r/,41,41,N/A,N/A,N/A,False
t1_lsaygt6,comment,2024-10-17T02:29:25+00:00,conspiracy,CommodeMouth,t3_1g5cq5l,post,r/conspiracy is cooked. I am man enough to admit it.,https://www.reddit.com/r/conspiracy/comments/1g5cq5l/i_am_man_enough_to_admit_when_i_am_wrong_brett/lsaygt6/,21,21,N/A,N/A,N/A,False
t1_lsapmgt,comment,2024-10-17T01:32:31+00:00,conspiracy,,t3_1g5cq5l,post,"Not a Kamala fan but at least she went on. Really weird that she'd do this and then dodge Time Magazine.

I'm really glad he asked her about the campaign slogans. That's confusing af, turn the page and move forward - you're in power so turn the page and move forward from YOU? Horrible slogans.",https://www.reddit.com/r/conspiracy/comments/1g5cq5l/i_am_man_enough_to_admit_when_i_am_wrong_brett/lsapmgt/,13,13,N/A,N/A,N/A,False
t1_lsa9b1l,comment,2024-10-16T23:48:40+00:00,conspiracy,nolotusnote,t3_1g5cq5l,post,"I was pretty sure she would either be OK, or pull off some kind of good interview.

Instead, it was like watching the Trump, Biden debate again.",https://www.reddit.com/r/conspiracy/comments/1g5cq5l/i_am_man_enough_to_admit_when_i_am_wrong_brett/lsa9b1l/,22,22,N/A,N/A,N/A,False
t1_lsa6c5y,comment,2024-10-16T23:30:05+00:00,conspiracy,Crafty_Aspect8919,t3_1g5cq5l,post,I thought Brett was gonna slap her at the end,https://www.reddit.com/r/conspiracy/comments/1g5cq5l/i_am_man_enough_to_admit_when_i_am_wrong_brett/lsa6c5y/,11,11,N/A,N/A,N/A,False
t1_lsaduq9,comment,2024-10-17T00:17:35+00:00,conspiracy,legaleagle-91,t3_1g5cq5l,post,"I already can’t stand her but if I was undecided, I heard nothing in her interview that tells me how my life will be better if she wins. Just that Trump is bad!",https://www.reddit.com/r/conspiracy/comments/1g5cq5l/i_am_man_enough_to_admit_when_i_am_wrong_brett/lsaduq9/,19,19,N/A,N/A,N/A,False
t3_1eeb4dq,post,2024-07-28T16:16:08+00:00,conspiracy,DictatorBiden,N/A,N/A,"Kamala Harris is a fraud who didn’t win a single primary. At least with Dictatorships you know the Election process is a Scam. Meanwhile here in America they continue to Gaslight us saying Donald Trump is a threat to Democracy who Trump beat 8 other candidates to win the nomination.

URL: https://i.redd.it/9w6x49lcbafd1.jpeg",https://www.reddit.com/r/conspiracy/comments/1eeb4dq/kamala_harris_is_a_fraud_who_didnt_win_a_single/,11,11,0,0.5,402,False
t1_lfcs0p1,comment,2024-07-28T16:16:10+00:00,conspiracy,AutoModerator,t3_1eeb4dq,post,"###[Meta] Sticky Comment

[Rule 2](https://www.reddit.com/r/conspiracy/wiki/faq#wiki_2_-_address_the_argument.3B_not_the_user.2C_the_mods.2C_or_the_sub.) ***does not apply*** when replying to this stickied comment.  

[Rule 2](https://www.reddit.com/r/conspiracy/wiki/faq#wiki_2_-_address_the_argument.3B_not_the_user.2C_the_mods.2C_or_the_sub.) ***does apply*** throughout the rest of this thread.

*What this means*: Please keep any ""meta"" discussion directed at specific users, mods, or /r/conspiracy in general in this comment chain ***only.***

*I am a bot, and this action was performed automatically. Please [contact the moderators of this subreddit](/message/compose/?to=/r/conspiracy) if you have any questions or concerns.*",https://www.reddit.com/r/conspiracy/comments/1eeb4dq/kamala_harris_is_a_fraud_who_didnt_win_a_single/lfcs0p1/,1,1,N/A,N/A,N/A,False
t1_lfddpt9,comment,2024-07-28T18:19:22+00:00,conspiracy,JORLI,t3_1eeb4dq,post,I'm so sick of those political posts here,https://www.reddit.com/r/conspiracy/comments/1eeb4dq/kamala_harris_is_a_fraud_who_didnt_win_a_single/lfddpt9/,113,113,N/A,N/A,N/A,False
t1_lfd1t48,comment,2024-07-28T17:12:06+00:00,conspiracy,Mega5010,t3_1eeb4dq,post,"We literally didn't have primaries

Nobody beat other candidates",https://www.reddit.com/r/conspiracy/comments/1eeb4dq/kamala_harris_is_a_fraud_who_didnt_win_a_single/lfd1t48/,249,249,N/A,N/A,N/A,False
t1_lfd0ra3,comment,2024-07-28T17:06:10+00:00,conspiracy,Goofethed,t3_1eeb4dq,post,"Take it up with your delegates, they are getting behind her because they are assuming their voters would want that having mostly supported her President. Tell them you want them to nominate someone else at convention.",https://www.reddit.com/r/conspiracy/comments/1eeb4dq/kamala_harris_is_a_fraud_who_didnt_win_a_single/lfd0ra3/,68,68,N/A,N/A,N/A,False
t1_lfcx5tr,comment,2024-07-28T16:45:49+00:00,conspiracy,,t3_1eeb4dq,post,[deleted],https://www.reddit.com/r/conspiracy/comments/1eeb4dq/kamala_harris_is_a_fraud_who_didnt_win_a_single/lfcx5tr/,166,166,N/A,N/A,N/A,False
t1_lfcx4pz,comment,2024-07-28T16:45:39+00:00,conspiracy,,t3_1eeb4dq,post,[removed],https://www.reddit.com/r/conspiracy/comments/1eeb4dq/kamala_harris_is_a_fraud_who_didnt_win_a_single/lfcx4pz/,111,111,N/A,N/A,N/A,False
t1_lfekv92,comment,2024-07-28T22:39:23+00:00,conspiracy,MoveOn22,t3_1eeb4dq,post,"OP, which democrat were you hoping would win the nomination so you could vote for that candidate in the general.  Would love to know because I can’t seem to find a Dem voter that’s upset about all this.  Or, are you just an angry republican?",https://www.reddit.com/r/conspiracy/comments/1eeb4dq/kamala_harris_is_a_fraud_who_didnt_win_a_single/lfekv92/,4,4,N/A,N/A,N/A,False
t1_lfcu9lq,comment,2024-07-28T16:29:15+00:00,conspiracy,,t3_1eeb4dq,post,[deleted],https://www.reddit.com/r/conspiracy/comments/1eeb4dq/kamala_harris_is_a_fraud_who_didnt_win_a_single/lfcu9lq/,101,101,N/A,N/A,N/A,False
t1_lfcw9xe,comment,2024-07-28T16:40:48+00:00,conspiracy,,t3_1eeb4dq,post,"Tell me you don’t know how the political system in the US works by telling me you don’t know how the political system in the US  works:

- parties can select whoever they want, Harris is part of the Biden-Harris ticket, and the DNC has not even selected the nominee yet for crying out loudly. You need to take a civics 101 class.",https://www.reddit.com/r/conspiracy/comments/1eeb4dq/kamala_harris_is_a_fraud_who_didnt_win_a_single/lfcw9xe/,72,72,N/A,N/A,N/A,False
t1_lfeavnv,comment,2024-07-28T21:34:53+00:00,conspiracy,DrJD321,t3_1eeb4dq,post,"Bro, you're saying karmala is a threat to democracy????

Have you even been paying attention, Trump wants to get rid of the constitution......",https://www.reddit.com/r/conspiracy/comments/1eeb4dq/kamala_harris_is_a_fraud_who_didnt_win_a_single/lfeavnv/,7,7,N/A,N/A,N/A,False
t1_lfdsuto,comment,2024-07-28T19:47:44+00:00,conspiracy,Powerful_Artist,t3_1eeb4dq,post,"It's funny how Republicans are mad about this. It's because they're scared trump will lose, not because they care about the legality of the process.

It's absolutely hilarious watching this subreddit melt down over it. They havent even had time to post about COVID because of it lately",https://www.reddit.com/r/conspiracy/comments/1eeb4dq/kamala_harris_is_a_fraud_who_didnt_win_a_single/lfdsuto/,6,6,N/A,N/A,N/A,False
t1_lfdlenm,comment,2024-07-28T19:03:54+00:00,conspiracy,thatguyonreddit40,t3_1eeb4dq,post,"Elections have been a sham for a long time. Corporate donations drive who we are allowed to ""vote"" for",https://www.reddit.com/r/conspiracy/comments/1eeb4dq/kamala_harris_is_a_fraud_who_didnt_win_a_single/lfdlenm/,3,3,N/A,N/A,N/A,False
t1_lfdnu7b,comment,2024-07-28T19:18:22+00:00,conspiracy,,t3_1eeb4dq,post,"How is this even ok?

Lmao",https://www.reddit.com/r/conspiracy/comments/1eeb4dq/kamala_harris_is_a_fraud_who_didnt_win_a_single/lfdnu7b/,3,3,N/A,N/A,N/A,False
t1_lfd05v7,comment,2024-07-28T17:02:47+00:00,conspiracy,TotalRecallsABitch,t3_1eeb4dq,post,"I voted for her when I voted for Biden. They were on the same ticket. 


Stop trying to spin this nonsense. The people who vote Democrat want her. Case closed.",https://www.reddit.com/r/conspiracy/comments/1eeb4dq/kamala_harris_is_a_fraud_who_didnt_win_a_single/lfd05v7/,38,38,N/A,N/A,N/A,False
t1_lfe2ayr,comment,2024-07-28T20:42:41+00:00,conspiracy,Toonzy_,t3_1eeb4dq,post,Can’t stand her,https://www.reddit.com/r/conspiracy/comments/1eeb4dq/kamala_harris_is_a_fraud_who_didnt_win_a_single/lfe2ayr/,3,3,N/A,N/A,N/A,False
t1_lfd85a4,comment,2024-07-28T17:47:52+00:00,conspiracy,Houdinii1984,t3_1eeb4dq,post,"What the hell are you even talking about? She's not even the nominee. She's literally, as you posted, just now applying to even run. It's obvious you don't like how the Democratic party does things, so butt out? It's not your party or your problem? If people disagree, they can vote any way they choose? 

You make no sense, and your goal of trying to subvert people's minds, while literally inside a conspiracy sub, isn't going unnoticed. Your account is brand new yet your entire identity is gone. You are the problem.

Your entire account consists of attacks on the one person, and now that he's no longer running, you pivot. Except you don't have a single personal post in your entire history. You're a bad agent to every single person here regardless of what they believe. Your only goal is to split us apart and that makes you the enemy specifically.",https://www.reddit.com/r/conspiracy/comments/1eeb4dq/kamala_harris_is_a_fraud_who_didnt_win_a_single/lfd85a4/,9,9,N/A,N/A,N/A,False
t1_lfdygvh,comment,2024-07-28T20:20:25+00:00,conspiracy,da_rambler20,t3_1eeb4dq,post,"Selected, not elected.",https://www.reddit.com/r/conspiracy/comments/1eeb4dq/kamala_harris_is_a_fraud_who_didnt_win_a_single/lfdygvh/,6,6,N/A,N/A,N/A,False
t1_lfctdjk,comment,2024-07-28T16:24:04+00:00,conspiracy,,t3_1eeb4dq,post,"Democratic  primary elections pick delegates. 

.",https://www.reddit.com/r/conspiracy/comments/1eeb4dq/kamala_harris_is_a_fraud_who_didnt_win_a_single/lfctdjk/,7,7,N/A,N/A,N/A,False
t1_lfdj185,comment,2024-07-28T18:50:03+00:00,conspiracy,pwnedkiller,t3_1eeb4dq,post,Trump is also a scumbag don’t try to push an agenda on us. Take this bullshit to someone who gives a shit we don’t want it here it’s not a legitimate conspiracy. God I fucking hate the mods in this sub. They are so damn lazy to restrict any content to the topic of conspiracies.,https://www.reddit.com/r/conspiracy/comments/1eeb4dq/kamala_harris_is_a_fraud_who_didnt_win_a_single/lfdj185/,2,2,N/A,N/A,N/A,False
t1_lfdkcs6,comment,2024-07-28T18:57:43+00:00,conspiracy,AlariusOfBrell,t3_1eeb4dq,post,Why do you care so much?  You wouldn't have voted for her no matter how she won the nomination.,https://www.reddit.com/r/conspiracy/comments/1eeb4dq/kamala_harris_is_a_fraud_who_didnt_win_a_single/lfdkcs6/,2,2,N/A,N/A,N/A,False
t3_17iatd7,post,2023-10-28T10:21:13+00:00,conspiracy,Big-Enthusiasm-457,N/A,N/A,"Everything they wanted to inject into my baby his first year of life.

URL: https://i.redd.it/1zghn9p56xwb1.jpg",https://www.reddit.com/r/conspiracy/comments/17iatd7/everything_they_wanted_to_inject_into_my_baby_his/,0,0,0,0.5,1213,False
t1_k6svb7g,comment,2023-10-28T10:21:13+00:00,conspiracy,AutoModerator,t3_17iatd7,post,"###[Meta] Sticky Comment

[Rule 2](https://www.reddit.com/r/conspiracy/wiki/faq#wiki_2_-_address_the_argument.3B_not_the_user.2C_the_mods.2C_or_the_sub.) ***does not apply*** when replying to this stickied comment.  

[Rule 2](https://www.reddit.com/r/conspiracy/wiki/faq#wiki_2_-_address_the_argument.3B_not_the_user.2C_the_mods.2C_or_the_sub.) ***does apply*** throughout the rest of this thread.

*What this means*: Please keep any ""meta"" discussion directed at specific users, mods, or /r/conspiracy in general in this comment chain ***only.***

*I am a bot, and this action was performed automatically. Please [contact the moderators of this subreddit](/message/compose/?to=/r/conspiracy) if you have any questions or concerns.*",https://www.reddit.com/r/conspiracy/comments/17iatd7/everything_they_wanted_to_inject_into_my_baby_his/k6svb7g/,1,1,N/A,N/A,N/A,False
t1_k6t31r7,comment,2023-10-28T11:41:41+00:00,conspiracy,,t3_17iatd7,post,[removed],https://www.reddit.com/r/conspiracy/comments/17iatd7/everything_they_wanted_to_inject_into_my_baby_his/k6t31r7/,497,497,N/A,N/A,N/A,False
t1_k6vbxb6,comment,2023-10-28T20:52:33+00:00,conspiracy,Yabbos77,t3_17iatd7,post,"Why don’t y’all have this energy for something REALLY horrible? Like, say, processed food?? Or fast food? Or refined sugar???",https://www.reddit.com/r/conspiracy/comments/17iatd7/everything_they_wanted_to_inject_into_my_baby_his/k6vbxb6/,81,81,N/A,N/A,N/A,False
t1_k6wzlx0,comment,2023-10-29T04:48:13+00:00,conspiracy,x0STaRSPRiNKLe0x,t3_17iatd7,post,"This isn't the flex you think it is, but ok.",https://www.reddit.com/r/conspiracy/comments/17iatd7/everything_they_wanted_to_inject_into_my_baby_his/k6wzlx0/,23,23,N/A,N/A,N/A,False
t1_k6t2oa6,comment,2023-10-28T11:38:09+00:00,conspiracy,,t3_17iatd7,post,[deleted],https://www.reddit.com/r/conspiracy/comments/17iatd7/everything_they_wanted_to_inject_into_my_baby_his/k6t2oa6/,617,617,N/A,N/A,N/A,False
t1_k6sw0mu,comment,2023-10-28T10:29:46+00:00,conspiracy,,t3_17iatd7,post,[removed],https://www.reddit.com/r/conspiracy/comments/17iatd7/everything_they_wanted_to_inject_into_my_baby_his/k6sw0mu/,229,229,N/A,N/A,N/A,False
t1_k6tj0k7,comment,2023-10-28T13:54:09+00:00,conspiracy,sc00ttie,t3_17iatd7,post,"## Distrust in Manufacturers: Cars vs. Vaccines

Imagine a car manufacturer scenario:

- **Liability Shield**: A car manufacturer is protected from lawsuits, even if their cars cause injuries due to negligence.
- **Government Promotion**: The same government that grants this protection also heavily promotes these cars as safe.
- **Safety Violations**: Despite endorsements, the manufacturer consistently violates safety rules, opting to pay hefty fines yearly instead of fixing issues.
- **Public Doubt**: The public questions the cars' safety. The manufacturer's choice to pay fines over ensuring safety, combined with the government's dual role, suggests a conflict of interest and erodes trust.

Given this scenario, it would be entirely rational for people to distrust the car manufacturer. It would seem absurd to trust and buy and drive a car from a company with such a track record.

Now, let's draw parallels with vaccine manufacturers with a few examples. (An exhaustive list would be overwhelming):

- **GlaxoSmithKline (GSK)**: 
  - In 2012, GSK agreed to pay $3 billion for misbranding drugs and failing to report safety data.
  - Historically, GSK has faced other fines, showing a pattern of regulatory issues.
- **Pfizer**: 
  - In 2009, Pfizer paid a $2.3 billion settlement for misbranding and illegally promoting four drugs.
  - Pfizer, like other big pharma companies, face multiple fines annually for various reasons.

The habitual nature of these fines reveals that pharmaceutical companies treat paying penalties as a cost of doing business rather than a deterrent. This pattern, combined with the significant role these companies play in vaccine production, raises questions about their practices and the broader pharmaceutical industry's business model.

I’m not anti vax. I’m anti corruption. I do not trust any business with this level of conflict of interest.

Trust is earned, and any manufacturer, whether they produce cars or vaccines, should be held to the highest standards of safety and transparency.

The US government protects pharmaceutical companies from this standard of public safety and transparency.",https://www.reddit.com/r/conspiracy/comments/17iatd7/everything_they_wanted_to_inject_into_my_baby_his/k6tj0k7/,91,91,N/A,N/A,N/A,False
t1_k6wf168,comment,2023-10-29T01:39:34+00:00,conspiracy,Program-Horror,t3_17iatd7,post,This child's parents have every right to decide what they believe is best for their child. I wish you and your family good health and the best of luck.,https://www.reddit.com/r/conspiracy/comments/17iatd7/everything_they_wanted_to_inject_into_my_baby_his/k6wf168/,11,11,N/A,N/A,N/A,False
t1_k6t3nub,comment,2023-10-28T11:47:34+00:00,conspiracy,,t3_17iatd7,post,[removed],https://www.reddit.com/r/conspiracy/comments/17iatd7/everything_they_wanted_to_inject_into_my_baby_his/k6t3nub/,304,304,N/A,N/A,N/A,False
t1_k6t2kex,comment,2023-10-28T11:37:09+00:00,conspiracy,ninthchamber,t3_17iatd7,post,It’s almost like the same shots your parents prob gave you when you were a baby too?,https://www.reddit.com/r/conspiracy/comments/17iatd7/everything_they_wanted_to_inject_into_my_baby_his/k6t2kex/,133,133,N/A,N/A,N/A,False
t1_k6y291n,comment,2023-10-29T12:51:57+00:00,conspiracy,,t3_17iatd7,post,You people are actually so braindead,https://www.reddit.com/r/conspiracy/comments/17iatd7/everything_they_wanted_to_inject_into_my_baby_his/k6y291n/,6,6,N/A,N/A,N/A,False
t1_k6swel2,comment,2023-10-28T10:33:56+00:00,conspiracy,,t3_17iatd7,post,You think hep a and hep b are conspiracies? …. Ok,https://www.reddit.com/r/conspiracy/comments/17iatd7/everything_they_wanted_to_inject_into_my_baby_his/k6swel2/,162,162,N/A,N/A,N/A,False
t1_k6u2psi,comment,2023-10-28T16:02:35+00:00,conspiracy,smegma_male_,t3_17iatd7,post,"I think there’s a middle ground. I agree, the CDC schedule is terrible and a lot of shots can be delayed for a while or refused (hep B is a freakin STD wtf) but the answer isn’t no vaccines whatsoever. Just do your due diligence and read the academic papers, I found the “vaccine friendly plan” and I’m pretty happy with it since it drastically lowers acute toxicity regarding adjuvants.",https://www.reddit.com/r/conspiracy/comments/17iatd7/everything_they_wanted_to_inject_into_my_baby_his/k6u2psi/,38,38,N/A,N/A,N/A,False
t1_k6wf3k9,comment,2023-10-29T01:40:07+00:00,conspiracy,Difficult_Bullfrog_4,t3_17iatd7,post,You have more balls then most people! Imagine if more people just said no.,https://www.reddit.com/r/conspiracy/comments/17iatd7/everything_they_wanted_to_inject_into_my_baby_his/k6wf3k9/,11,11,N/A,N/A,N/A,False
t1_k6wt9fo,comment,2023-10-29T03:42:57+00:00,conspiracy,PieintheSky8888,t3_17iatd7,post,"Wow, this conspiracy Reddit is not what I expected.",https://www.reddit.com/r/conspiracy/comments/17iatd7/everything_they_wanted_to_inject_into_my_baby_his/k6wt9fo/,5,5,N/A,N/A,N/A,False
t1_k6t3exj,comment,2023-10-28T11:45:12+00:00,conspiracy,DeadEndFred,t3_17iatd7,post,"Our entire medical and educational system was hijacked by cutthroat eugenics enthusiasts over a century ago, but they care about us lol.",https://www.reddit.com/r/conspiracy/comments/17iatd7/everything_they_wanted_to_inject_into_my_baby_his/k6t3exj/,89,89,N/A,N/A,N/A,False
t1_k6v5igl,comment,2023-10-28T20:09:47+00:00,conspiracy,tracknicholson,t3_17iatd7,post,"Nah, I’m not anti vaxx, I just don’t vibe w/ the covid one.",https://www.reddit.com/r/conspiracy/comments/17iatd7/everything_they_wanted_to_inject_into_my_baby_his/k6v5igl/,7,7,N/A,N/A,N/A,False
t1_k6uq88d,comment,2023-10-28T18:26:09+00:00,conspiracy,RevolutionaryAd2962,t3_17iatd7,post,HEP B  is also spread by monkeys in Florida.  ... but I guess that'd be an entirely different post.  🫠,https://www.reddit.com/r/conspiracy/comments/17iatd7/everything_they_wanted_to_inject_into_my_baby_his/k6uq88d/,9,9,N/A,N/A,N/A,False
t1_k6tv0im,comment,2023-10-28T15:16:31+00:00,conspiracy,tele68,t3_17iatd7,post,"They've lost their respect.  They don't deserve our trust.  They lied and cheated us with a useless product.  They captured our government and made us pay.

  
It doesn't take a genius to start to reject their other products.",https://www.reddit.com/r/conspiracy/comments/17iatd7/everything_they_wanted_to_inject_into_my_baby_his/k6tv0im/,25,25,N/A,N/A,N/A,False
t1_k6t3m78,comment,2023-10-28T11:47:09+00:00,conspiracy,sloblow,t3_17iatd7,post,The co-conspiracy here is how much your pediatrician gets paid by Big Pharma to push the injections.,https://www.reddit.com/r/conspiracy/comments/17iatd7/everything_they_wanted_to_inject_into_my_baby_his/k6t3m78/,51,51,N/A,N/A,N/A,False
